Question,Slug,Collection ID,Locale ID,Item ID,Archived,Draft,Created On,Updated On,Published On,Answer text,Page
Can I request changes?,can-i-request-changes,68372587c1dea995b6fa9ba7,68372587c1dea995b6fa9aa6,68372587c1dea995b6fa9bbc,false,false,Fri May 23 2025 13:59:22 GMT+0000 (Coordinated Universal Time),Wed Oct 15 2025 15:38:21 GMT+0000 (Coordinated Universal Time),Wed Oct 15 2025 15:42:32 GMT+0000 (Coordinated Universal Time),"Absolutely! Need tweaks on your Webflow site - layout swaps, copy edits, new features? Just ask. We include revision rounds in our estimate, and since we charge hourly, extra updates are no problem. We’ll keep refining until it feels just right.",home
Do you also provide web design services?,do-you-also-provide-web-design-services,68372587c1dea995b6fa9ba7,68372587c1dea995b6fa9aa6,68efbea4a4482a1f54138f12,false,false,Wed Oct 15 2025 15:32:52 GMT+0000 (Coordinated Universal Time),Wed Oct 15 2025 15:38:21 GMT+0000 (Coordinated Universal Time),Wed Oct 15 2025 15:42:32 GMT+0000 (Coordinated Universal Time),"Yes, absolutely. We are a full-service agency offering everything from initial strategy and UX/UI design to final Webflow development and launch. Our integrated process ensures a seamless transition from the design phase to the development phase, resulting in a cohesive and powerful final product.",webflow-development
Do you handle website redesigns for existing businesses?,do-you-handle-website-redesigns-for-existing-businesses,68372587c1dea995b6fa9ba7,68372587c1dea995b6fa9aa6,6900be381f42db5b11cf7a89,false,false,Tue Oct 28 2025 12:59:36 GMT+0000 (Coordinated Universal Time),Tue Oct 28 2025 12:59:41 GMT+0000 (Coordinated Universal Time),Tue Oct 28 2025 15:26:39 GMT+0000 (Coordinated Universal Time),"Absolutely. We specialize in helping established brands break free from outdated or underperforming sites. Our redesign process starts with understanding what's not working, so we can build a new experience that truly serves your business goals.",web-design
Do you offer support?,do-you-offer-support,68372587c1dea995b6fa9ba7,68372587c1dea995b6fa9aa6,68372587c1dea995b6fa9bba,false,false,Fri May 23 2025 13:49:21 GMT+0000 (Coordinated Universal Time),Wed Oct 15 2025 15:38:21 GMT+0000 (Coordinated Universal Time),Wed Oct 15 2025 15:42:32 GMT+0000 (Coordinated Universal Time),"Yeah, site’s live - now what? No worries, we’ve got your back with monthly backups, plugin and platform updates, plus regular content tweaks to keep everything fresh and secure. We also keep an eye on performance - tweaking images, swapping out old copy, or adding small features - so you don’t have to lift a finger.",home
Do you provide SEO and performance optimization for Webflow sites?,do-you-provide-seo-and-performance-optimization-for-webflow-sites,68372587c1dea995b6fa9ba7,68372587c1dea995b6fa9aa6,68372587c1dea995b6fa9bb9,false,false,Fri May 23 2025 12:29:28 GMT+0000 (Coordinated Universal Time),Wed Oct 15 2025 15:38:21 GMT+0000 (Coordinated Universal Time),Wed Oct 15 2025 15:42:32 GMT+0000 (Coordinated Universal Time),"Yes - our SEO package covers keyword research, title & meta tag optimization, schema markup, and Core Web Vitals tuning to boost load speed and mobile performance. We’ll also integrate Google Analytics and set up sitemap.xml for crawl efficiency.",home
How does your UI/UX design process work at NoCorny?,how-does-your-ui-ux-design-process-work-at-nocorny,68372587c1dea995b6fa9ba7,68372587c1dea995b6fa9aa6,68372587c1dea995b6fa9bb6,false,false,Fri May 23 2025 12:24:18 GMT+0000 (Coordinated Universal Time),Wed Oct 15 2025 15:38:21 GMT+0000 (Coordinated Universal Time),Wed Oct 15 2025 15:42:32 GMT+0000 (Coordinated Universal Time),"Our UI/UX workflow starts with stakeholder interviews and user research, moves through wireframes and high-fidelity designs in Figma, and culminates in an interactive prototype. After usability testing, we hand off to development - often directly into Webflow - ensuring design fidelity at every step.",home
How does your feedback and revision process work?,how-does-your-feedback-and-revision-process-work,68372587c1dea995b6fa9ba7,68372587c1dea995b6fa9aa6,6900bdc19d42609f19ef469e,false,false,Tue Oct 28 2025 12:57:37 GMT+0000 (Coordinated Universal Time),Tue Oct 28 2025 12:57:43 GMT+0000 (Coordinated Universal Time),Tue Oct 28 2025 15:26:39 GMT+0000 (Coordinated Universal Time),"We make it simple. We'll share a secure link to the design, and you can leave comments and feedback directly on the page. This keeps everything organized in one place and avoids endless, confusing email chains.",web-design
How long does it take to build a custom Webflow website?,how-long-does-it-take-to-build-a-custom-webflow-website,68372587c1dea995b6fa9ba7,68372587c1dea995b6fa9aa6,68372587c1dea995b6fa9bb7,false,false,Fri May 23 2025 12:25:13 GMT+0000 (Coordinated Universal Time),Wed Oct 15 2025 15:38:21 GMT+0000 (Coordinated Universal Time),Wed Oct 15 2025 15:42:32 GMT+0000 (Coordinated Universal Time),"Most landing pages take 2–3 weeks, while full multi-page sites require at least 6–8 weeks. Timelines depend on content readiness, design complexity, and integrations (e.g., CMS, e-commerce).",home
How long will it take to design and launch my website?,how-long-will-it-take-to-design-and-launch-my-website,68372587c1dea995b6fa9ba7,68372587c1dea995b6fa9aa6,6900bd19c4b7948bcb68fca1,false,false,Tue Oct 28 2025 12:54:49 GMT+0000 (Coordinated Universal Time),Tue Oct 28 2025 12:54:52 GMT+0000 (Coordinated Universal Time),Tue Oct 28 2025 15:26:39 GMT+0000 (Coordinated Universal Time),A typical web design project takes between 8-12 weeks from our kickoff call to the final launch. This timeline depends on the project's complexity and how quickly we receive feedback and content from your team.,web-design
How much does a Webflow website cost?,how-much-does-a-webflow-website-cost,68372587c1dea995b6fa9ba7,68372587c1dea995b6fa9aa6,68efbfad452876d58091c521,false,false,Wed Oct 15 2025 15:37:17 GMT+0000 (Coordinated Universal Time),Wed Oct 15 2025 15:38:21 GMT+0000 (Coordinated Universal Time),Wed Oct 15 2025 15:42:32 GMT+0000 (Coordinated Universal Time),"The cost of a Webflow site depends entirely on the complexity of the design, the number of pages, and any special features like advanced animations or third-party integrations. After our free briefing call, we provide a detailed estimate based on the projected hours for your specific project.",webflow-development
How much does a custom website actually cost?,how-much-does-a-custom-website-actually-cost,68372587c1dea995b6fa9ba7,68372587c1dea995b6fa9aa6,6900bcfad004b6fe60b39242,false,false,Tue Oct 28 2025 12:54:18 GMT+0000 (Coordinated Universal Time),Tue Oct 28 2025 12:54:24 GMT+0000 (Coordinated Universal Time),Tue Oct 28 2025 15:26:39 GMT+0000 (Coordinated Universal Time),"It varies! Since every project is 100% custom, the price depends on the scope (e.g., number of pages, complexity of features). We provide a detailed quote estimates after our initial discovery call, so you'll know the full investment upfront. No surprises.",web-design
I have an existing website. Can you migrate it to Webflow?,i-have-an-existing-website-can-you-migrate-it-to-webflow,68372587c1dea995b6fa9ba7,68372587c1dea995b6fa9aa6,68efbf7629b934a89aae62b8,false,false,Wed Oct 15 2025 15:36:22 GMT+0000 (Coordinated Universal Time),Wed Oct 15 2025 15:38:21 GMT+0000 (Coordinated Universal Time),Wed Oct 15 2025 15:42:32 GMT+0000 (Coordinated Universal Time),"Absolutely. We frequently help clients migrate from platforms like WordPress, Squarespace, and Wix to Webflow. This process allows us to improve performance, enhance security, and give you a much more user-friendly CMS.",webflow-development
"I'm not ""tech-savvy."" Will I be able to manage my own site?",im-not-tech-savvy-will-i-be-able-to-manage-my-own-site,68372587c1dea995b6fa9ba7,68372587c1dea995b6fa9aa6,6900bd9dcd862ba71b79e772,false,false,Tue Oct 28 2025 12:57:01 GMT+0000 (Coordinated Universal Time),Tue Oct 28 2025 12:57:08 GMT+0000 (Coordinated Universal Time),Tue Oct 28 2025 15:26:39 GMT+0000 (Coordinated Universal Time),"Yes, 100%. We build on Webflow specifically because its CMS is so intuitive. We'll give you a ""driver's manual"" with custom video tutorials showing you exactly how to update your own blog, team members, or services.",web-design
Is Webflow good for SEO?,is-webflow-good-for-seo,68372587c1dea995b6fa9ba7,68372587c1dea995b6fa9aa6,68efbfc28b62b9da99e50e2c,false,false,Wed Oct 15 2025 15:37:38 GMT+0000 (Coordinated Universal Time),Wed Oct 15 2025 15:38:21 GMT+0000 (Coordinated Universal Time),Wed Oct 15 2025 15:42:32 GMT+0000 (Coordinated Universal Time),"Yes, Webflow is excellent for SEO. It produces clean, semantic code that search engines love. It gives us granular control over all critical SEO elements like meta titles, descriptions, alt tags, and URL structures. Combined with its speed, it provides a powerful foundation for ranking well.",webflow-development
What are your core Webflow development services?,what-are-your-core-webflow-development-services,68372587c1dea995b6fa9ba7,68372587c1dea995b6fa9aa6,68efbdd1a4482a1f54134800,false,false,Wed Oct 15 2025 15:29:21 GMT+0000 (Coordinated Universal Time),Wed Oct 15 2025 15:38:21 GMT+0000 (Coordinated Universal Time),Wed Oct 15 2025 15:42:32 GMT+0000 (Coordinated Universal Time),"We specialize in turning your high-fidelity designs (from Figma, Sketch, or XD) into pixel-perfect, fully responsive, and high-performing Webflow websites. We also offer ongoing support and maintenance to ensure your site remains a top-tier asset.",webflow-development
What do you need from me to get started?,what-do-you-need-from-me-to-get-started,68372587c1dea995b6fa9ba7,68372587c1dea995b6fa9aa6,68efbf43791ad83831afe430,false,false,Wed Oct 15 2025 15:35:31 GMT+0000 (Coordinated Universal Time),Wed Oct 15 2025 15:38:21 GMT+0000 (Coordinated Universal Time),Wed Oct 15 2025 15:42:32 GMT+0000 (Coordinated Universal Time),"Our process is flexible. If you have finalized designs in Figma, Sketch, or XD, we're ready to start the development process. If your design isn't ready yet, our team can handle the entire UX/UI design process for you. The best first step is always our free consultation, where we can determine exactly what you need to bring your vision to life.",webflow-development
What is SEO?,what-is-seo,68372587c1dea995b6fa9ba7,68372587c1dea995b6fa9aa6,68372587c1dea995b6fa9bbb,false,false,Fri May 23 2025 13:49:50 GMT+0000 (Coordinated Universal Time),Wed Oct 15 2025 15:38:21 GMT+0000 (Coordinated Universal Time),Wed Oct 15 2025 15:42:32 GMT+0000 (Coordinated Universal Time),"SEO (Search Engine Optimisation) is basically the art of making your website impossible to miss on Google, Bing & co. You sprinkle in targeted keywords, polish up your content, shave off load times, rack up quality backlinks and use other smart tricks to climb the search results - so more eyes land on your site and your traffic spikes.",home
What is Webflow development and why choose NoCorny as your Webflow agency?,what-is-webflow-development-and-why-choose-nocorny-as-your-webflow-agency,68372587c1dea995b6fa9ba7,68372587c1dea995b6fa9aa6,68372587c1dea995b6fa9bb5,false,false,Fri May 23 2025 12:23:22 GMT+0000 (Coordinated Universal Time),Wed Oct 15 2025 15:38:21 GMT+0000 (Coordinated Universal Time),Wed Oct 15 2025 15:42:32 GMT+0000 (Coordinated Universal Time),"Webflow is a visual web-building platform that lets you design, build, and launch responsive sites without writing a single line of code. Or almost without writing a single line of code. At NoCorny, we’re official Webflow Partners from Ukraine, specializing in pixel-perfect layouts, performance optimization, SEO-optimized and seamless CMS integrations.",home
What is the typical timeline for a Webflow development project?,what-is-the-typical-timeline-for-a-webflow-development-project,68372587c1dea995b6fa9ba7,68372587c1dea995b6fa9aa6,68efbf28628b612a6c68d751,false,false,Wed Oct 15 2025 15:35:04 GMT+0000 (Coordinated Universal Time),Wed Oct 15 2025 15:38:21 GMT+0000 (Coordinated Universal Time),Wed Oct 15 2025 15:42:32 GMT+0000 (Coordinated Universal Time),"A standard marketing website with 5-10 pages typically takes 3-5 weeks from project kickoff to launch. More complex projects with advanced animations or integrations will have a longer timeline, which we will define in our free project proposal.",webflow-development
What kind of clients do you work with?,what-kind-of-clients-do-you-work-with,68372587c1dea995b6fa9ba7,68372587c1dea995b6fa9aa6,68efbedc660562109aa21c5e,false,false,Wed Oct 15 2025 15:33:48 GMT+0000 (Coordinated Universal Time),Wed Oct 15 2025 15:38:21 GMT+0000 (Coordinated Universal Time),Wed Oct 15 2025 15:42:32 GMT+0000 (Coordinated Universal Time),"We partner with a wide range of clients, from tech startups and marketing agencies to established B2B companies. Our ideal partner is anyone who values high-quality development and has a clear vision for their website.",webflow-development
What will you need from me to get started?,what-will-you-need-from-me-to-get-started,68372587c1dea995b6fa9ba7,68372587c1dea995b6fa9aa6,6900bd4f7663e855c33190c5,false,false,Tue Oct 28 2025 12:55:43 GMT+0000 (Coordinated Universal Time),Tue Oct 28 2025 12:56:37 GMT+0000 (Coordinated Universal Time),Tue Oct 28 2025 15:26:39 GMT+0000 (Coordinated Universal Time),"The most important thing is your time and expertise in our initial strategy sessions. We'll also need any existing brand assets (logo, colors) and the final-ish text (copy) for the site. If you need help with copy, just let us know!",web-design
What's included in your custom web design services?,whats-included-in-your-custom-web-design-services,68372587c1dea995b6fa9ba7,68372587c1dea995b6fa9aa6,6900bcb55deb956f5bfc6982,false,true,Tue Oct 28 2025 12:53:09 GMT+0000 (Coordinated Universal Time),Tue Oct 28 2025 12:53:09 GMT+0000 (Coordinated Universal Time),,"Our services are end-to-end. This includes a discovery and strategy phase, UX/UI design, content strategy, and full development in Webflow, all topped off with performance optimization and training.",web-design
Why do you use Webflow to build websites?,why-do-you-use-webflow-to-build-websites,68372587c1dea995b6fa9ba7,68372587c1dea995b6fa9aa6,6900be029e2f0e6d5beace4b,false,false,Tue Oct 28 2025 12:58:42 GMT+0000 (Coordinated Universal Time),Tue Oct 28 2025 12:58:48 GMT+0000 (Coordinated Universal Time),Tue Oct 28 2025 15:26:39 GMT+0000 (Coordinated Universal Time),"We choose Webflow because it gives us the creative freedom to build 100% custom designs without sacrificing performance. It produces clean code, offers elite security, and has a powerful CMS that our clients actually love using.",web-design
Why hire a professional web design agency?,why-hire-a-professional-web-design-agency,68372587c1dea995b6fa9ba7,68372587c1dea995b6fa9aa6,6900bc6c7663e855c33143d3,false,false,Tue Oct 28 2025 12:51:56 GMT+0000 (Coordinated Universal Time),Tue Oct 28 2025 12:52:24 GMT+0000 (Coordinated Universal Time),Tue Oct 28 2025 15:26:39 GMT+0000 (Coordinated Universal Time),"A professional agency brings a team of strategists, UX/UI designers, and copywriters - to the table. This holistic approach ensures your site doesn't just look good, but is also built on a data-driven strategy to convert visitors and grow your business.",web-design
Will I be able to update my website myself?,will-i-be-able-to-update-my-website-myself,68372587c1dea995b6fa9ba7,68372587c1dea995b6fa9aa6,68372587c1dea995b6fa9bb8,false,false,Fri May 23 2025 12:28:12 GMT+0000 (Coordinated Universal Time),Wed Oct 15 2025 15:38:21 GMT+0000 (Coordinated Universal Time),Wed Oct 15 2025 15:42:32 GMT+0000 (Coordinated Universal Time),"Absolutely! Since we build on Webflow’s no-code platform, you’ll get access to a simple visual editor and CMS collections. Change text, swap images, add new pages or blog posts - all without touching a line of code. And if you ever hit a snag, we’re just a message away.",home
